"data.list.id","title","created","url","country"
462292,"Severe winter DREF Operation nÂ° MDRCL007 Update no. 2","2011-11-30","http://reliefweb.int/node/462292","All"
462512,"Environmental Migration: Policy Gaps and Response Strategies","2011-12-01","http://reliefweb.int/node/462512","All"
462512,"Environmental Migration: Policy Gaps and Response Strategies","2011-12-01","http://reliefweb.int/node/462512","All"
462512,"Environmental Migration: Policy Gaps and Response Strategies","2011-12-01","http://reliefweb.int/node/462512","All"
462512,"Environmental Migration: Policy Gaps and Response Strategies","2011-12-01","http://reliefweb.int/node/462512","All"
462512,"Environmental Migration: Policy Gaps and Response Strategies","2011-12-01","http://reliefweb.int/node/462512","All"
462512,"Environmental Migration: Policy Gaps and Response Strategies","2011-12-01","http://reliefweb.int/node/462512","All"
462512,"Environmental Migration: Policy Gaps and Response Strategies","2011-12-01","http://reliefweb.int/node/462512","All"
462512,"Environmental Migration: Policy Gaps and Response Strategies","2011-12-01","http://reliefweb.int/node/462512","All"
462512,"Environmental Migration: Policy Gaps and Response Strategies","2011-12-01","http://reliefweb.int/node/462512","All"
462512,"Environmental Migration: Policy Gaps and Response Strategies","2011-12-01","http://reliefweb.int/node/462512","All"
462512,"Environmental Migration: Policy Gaps and Response Strategies","2011-12-01","http://reliefweb.int/node/462512","All"
462512,"Environmental Migration: Policy Gaps and Response Strategies","2011-12-01","http://reliefweb.int/node/462512","All"
462512,"Environmental Migration: Policy Gaps and Response Strategies","2011-12-01","http://reliefweb.int/node/462512","All"
462512,"Environmental Migration: Policy Gaps and Response Strategies","2011-12-01","http://reliefweb.int/node/462512","All"
462512,"Environmental Migration: Policy Gaps and Response Strategies","2011-12-01","http://reliefweb.int/node/462512","All"
462512,"Environmental Migration: Policy Gaps and Response Strategies","2011-12-01","http://reliefweb.int/node/462512","All"
462512,"Environmental Migration: Policy Gaps and Response Strategies","2011-12-01","http://reliefweb.int/node/462512","All"
462512,"Environmental Migration: Policy Gaps and Response Strategies","2011-12-01","http://reliefweb.int/node/462512","All"
462512,"Environmental Migration: Policy Gaps and Response Strategies","2011-12-01","http://reliefweb.int/node/462512","All"
462512,"Environmental Migration: Policy Gaps and Response Strategies","2011-12-01","http://reliefweb.int/node/462512","All"
462512,"Environmental Migration: Policy Gaps and Response Strategies","2011-12-01","http://reliefweb.int/node/462512","All"
462512,"Environmental Migration: Policy Gaps and Response Strategies","2011-12-01","http://reliefweb.int/node/462512","All"
462512,"Environmental Migration: Policy Gaps and Response Strategies","2011-12-01","http://reliefweb.int/node/462512","All"
462512,"Environmental Migration: Policy Gaps and Response Strategies","2011-12-01","http://reliefweb.int/node/462512","All"
462512,"Environmental Migration: Policy Gaps and Response Strategies","2011-12-01","http://reliefweb.int/node/462512","All"
462512,"Environmental Migration: Policy Gaps and Response Strategies","2011-12-01","http://reliefweb.int/node/462512","All"
462512,"Environmental Migration: Policy Gaps and Response Strategies","2011-12-01","http://reliefweb.int/node/462512","All"
462512,"Environmental Migration: Policy Gaps and Response Strategies","2011-12-01","http://reliefweb.int/node/462512","All"
462512,"Environmental Migration: Policy Gaps and Response Strategies","2011-12-01","http://reliefweb.int/node/462512","All"
462512,"Environmental Migration: Policy Gaps and Response Strategies","2011-12-01","http://reliefweb.int/node/462512","All"
462512,"Environmental Migration: Policy Gaps and Response Strategies","2011-12-01","http://reliefweb.int/node/462512","All"
462512,"Environmental Migration: Policy Gaps and Response Strategies","2011-12-01","http://reliefweb.int/node/462512","All"
462512,"Environmental Migration: Policy Gaps and Response Strategies","2011-12-01","http://reliefweb.int/node/462512","All"
462512,"Environmental Migration: Policy Gaps and Response Strategies","2011-12-01","http://reliefweb.int/node/462512","All"
462512,"Environmental Migration: Policy Gaps and Response Strategies","2011-12-01","http://reliefweb.int/node/462512","All"
462512,"Environmental Migration: Policy Gaps and Response Strategies","2011-12-01","http://reliefweb.int/node/462512","All"
462512,"Environmental Migration: Policy Gaps and Response Strategies","2011-12-01","http://reliefweb.int/node/462512","All"
462512,"Environmental Migration: Policy Gaps and Response Strategies","2011-12-01","http://reliefweb.int/node/462512","All"
462512,"Environmental Migration: Policy Gaps and Response Strategies","2011-12-01","http://reliefweb.int/node/462512","All"
462512,"Environmental Migration: Policy Gaps and Response Strategies","2011-12-01","http://reliefweb.int/node/462512","All"
462512,"Environmental Migration: Policy Gaps and Response Strategies","2011-12-01","http://reliefweb.int/node/462512","All"
462512,"Environmental Migration: Policy Gaps and Response Strategies","2011-12-01","http://reliefweb.int/node/462512","All"
462512,"Environmental Migration: Policy Gaps and Response Strategies","2011-12-01","http://reliefweb.int/node/462512","All"
462512,"Environmental Migration: Policy Gaps and Response Strategies","2011-12-01","http://reliefweb.int/node/462512","All"
462512,"Environmental Migration: Policy Gaps and Response Strategies","2011-12-01","http://reliefweb.int/node/462512","All"
462512,"Environmental Migration: Policy Gaps and Response Strategies","2011-12-01","http://reliefweb.int/node/462512","All"
462512,"Environmental Migration: Policy Gaps and Response Strategies","2011-12-01","http://reliefweb.int/node/462512","All"
462512,"Environmental Migration: Policy Gaps and Response Strategies","2011-12-01","http://reliefweb.int/node/462512","All"
462512,"Environmental Migration: Policy Gaps and Response Strategies","2011-12-01","http://reliefweb.int/node/462512","All"
462512,"Environmental Migration: Policy Gaps and Response Strategies","2011-12-01","http://reliefweb.int/node/462512","All"
462512,"Environmental Migration: Policy Gaps and Response Strategies","2011-12-01","http://reliefweb.int/node/462512","All"
462512,"Environmental Migration: Policy Gaps and Response Strategies","2011-12-01","http://reliefweb.int/node/462512","All"
462512,"Environmental Migration: Policy Gaps and Response Strategies","2011-12-01","http://reliefweb.int/node/462512","All"
462512,"Environmental Migration: Policy Gaps and Response Strategies","2011-12-01","http://reliefweb.int/node/462512","All"
462512,"Environmental Migration: Policy Gaps and Response Strategies","2011-12-01","http://reliefweb.int/node/462512","All"
462512,"Environmental Migration: Policy Gaps and Response Strategies","2011-12-01","http://reliefweb.int/node/462512","All"
462512,"Environmental Migration: Policy Gaps and Response Strategies","2011-12-01","http://reliefweb.int/node/462512","All"
462512,"Environmental Migration: Policy Gaps and Response Strategies","2011-12-01","http://reliefweb.int/node/462512","All"
462512,"Environmental Migration: Policy Gaps and Response Strategies","2011-12-01","http://reliefweb.int/node/462512","All"
462512,"Environmental Migration: Policy Gaps and Response Strategies","2011-12-01","http://reliefweb.int/node/462512","All"
462512,"Environmental Migration: Policy Gaps and Response Strategies","2011-12-01","http://reliefweb.int/node/462512","All"
462512,"Environmental Migration: Policy Gaps and Response Strategies","2011-12-01","http://reliefweb.int/node/462512","All"
462512,"Environmental Migration: Policy Gaps and Response Strategies","2011-12-01","http://reliefweb.int/node/462512","All"
462512,"Environmental Migration: Policy Gaps and Response Strategies","2011-12-01","http://reliefweb.int/node/462512","All"
462512,"Environmental Migration: Policy Gaps and Response Strategies","2011-12-01","http://reliefweb.int/node/462512","All"
462512,"Environmental Migration: Policy Gaps and Response Strategies","2011-12-01","http://reliefweb.int/node/462512","All"
462512,"Environmental Migration: Policy Gaps and Response Strategies","2011-12-01","http://reliefweb.int/node/462512","All"
462512,"Environmental Migration: Policy Gaps and Response Strategies","2011-12-01","http://reliefweb.int/node/462512","All"
462512,"Environmental Migration: Policy Gaps and Response Strategies","2011-12-01","http://reliefweb.int/node/462512","All"
462512,"Environmental Migration: Policy Gaps and Response Strategies","2011-12-01","http://reliefweb.int/node/462512","All"
462512,"Environmental Migration: Policy Gaps and Response Strategies","2011-12-01","http://reliefweb.int/node/462512","All"
462512,"Environmental Migration: Policy Gaps and Response Strategies","2011-12-01","http://reliefweb.int/node/462512","All"
462512,"Environmental Migration: Policy Gaps and Response Strategies","2011-12-01","http://reliefweb.int/node/462512","All"
462512,"Environmental Migration: Policy Gaps and Response Strategies","2011-12-01","http://reliefweb.int/node/462512","All"
462512,"Environmental Migration: Policy Gaps and Response Strategies","2011-12-01","http://reliefweb.int/node/462512","All"
462512,"Environmental Migration: Policy Gaps and Response Strategies","2011-12-01","http://reliefweb.int/node/462512","All"
462512,"Environmental Migration: Policy Gaps and Response Strategies","2011-12-01","http://reliefweb.int/node/462512","All"
462512,"Environmental Migration: Policy Gaps and Response Strategies","2011-12-01","http://reliefweb.int/node/462512","All"
462512,"Environmental Migration: Policy Gaps and Response Strategies","2011-12-01","http://reliefweb.int/node/462512","All"
462512,"Environmental Migration: Policy Gaps and Response Strategies","2011-12-01","http://reliefweb.int/node/462512","All"
462512,"Environmental Migration: Policy Gaps and Response Strategies","2011-12-01","http://reliefweb.int/node/462512","All"
462512,"Environmental Migration: Policy Gaps and Response Strategies","2011-12-01","http://reliefweb.int/node/462512","All"
462512,"Environmental Migration: Policy Gaps and Response Strategies","2011-12-01","http://reliefweb.int/node/462512","All"
462512,"Environmental Migration: Policy Gaps and Response Strategies","2011-12-01","http://reliefweb.int/node/462512","All"
462512,"Environmental Migration: Policy Gaps and Response Strategies","2011-12-01","http://reliefweb.int/node/462512","All"
462512,"Environmental Migration: Policy Gaps and Response Strategies","2011-12-01","http://reliefweb.int/node/462512","All"
462512,"Environmental Migration: Policy Gaps and Response Strategies","2011-12-01","http://reliefweb.int/node/462512","All"
462512,"Environmental Migration: Policy Gaps and Response Strategies","2011-12-01","http://reliefweb.int/node/462512","All"
462512,"Environmental Migration: Policy Gaps and Response Strategies","2011-12-01","http://reliefweb.int/node/462512","All"
462512,"Environmental Migration: Policy Gaps and Response Strategies","2011-12-01","http://reliefweb.int/node/462512","All"
462512,"Environmental Migration: Policy Gaps and Response Strategies","2011-12-01","http://reliefweb.int/node/462512","All"
462512,"Environmental Migration: Policy Gaps and Response Strategies","2011-12-01","http://reliefweb.int/node/462512","All"
462512,"Environmental Migration: Policy Gaps and Response Strategies","2011-12-01","http://reliefweb.int/node/462512","All"
462512,"Environmental Migration: Policy Gaps and Response Strategies","2011-12-01","http://reliefweb.int/node/462512","All"
462512,"Environmental Migration: Policy Gaps and Response Strategies","2011-12-01","http://reliefweb.int/node/462512","All"
462512,"Environmental Migration: Policy Gaps and Response Strategies","2011-12-01","http://reliefweb.int/node/462512","All"
462512,"Environmental Migration: Policy Gaps and Response Strategies","2011-12-01","http://reliefweb.int/node/462512","All"
462512,"Environmental Migration: Policy Gaps and Response Strategies","2011-12-01","http://reliefweb.int/node/462512","All"
462512,"Environmental Migration: Policy Gaps and Response Strategies","2011-12-01","http://reliefweb.int/node/462512","All"
462512,"Environmental Migration: Policy Gaps and Response Strategies","2011-12-01","http://reliefweb.int/node/462512","All"
462512,"Environmental Migration: Policy Gaps and Response Strategies","2011-12-01","http://reliefweb.int/node/462512","All"
462512,"Environmental Migration: Policy Gaps and Response Strategies","2011-12-01","http://reliefweb.int/node/462512","All"
462512,"Environmental Migration: Policy Gaps and Response Strategies","2011-12-01","http://reliefweb.int/node/462512","All"
462512,"Environmental Migration: Policy Gaps and Response Strategies","2011-12-01","http://reliefweb.int/node/462512","All"
462512,"Environmental Migration: Policy Gaps and Response Strategies","2011-12-01","http://reliefweb.int/node/462512","All"
462512,"Environmental Migration: Policy Gaps and Response Strategies","2011-12-01","http://reliefweb.int/node/462512","All"
462512,"Environmental Migration: Policy Gaps and Response Strategies","2011-12-01","http://reliefweb.int/node/462512","All"
462512,"Environmental Migration: Policy Gaps and Response Strategies","2011-12-01","http://reliefweb.int/node/462512","All"
462512,"Environmental Migration: Policy Gaps and Response Strategies","2011-12-01","http://reliefweb.int/node/462512","All"
462512,"Environmental Migration: Policy Gaps and Response Strategies","2011-12-01","http://reliefweb.int/node/462512","All"
462512,"Environmental Migration: Policy Gaps and Response Strategies","2011-12-01","http://reliefweb.int/node/462512","All"
462512,"Environmental Migration: Policy Gaps and Response Strategies","2011-12-01","http://reliefweb.int/node/462512","All"
462512,"Environmental Migration: Policy Gaps and Response Strategies","2011-12-01","http://reliefweb.int/node/462512","All"
462512,"Environmental Migration: Policy Gaps and Response Strategies","2011-12-01","http://reliefweb.int/node/462512","All"
462512,"Environmental Migration: Policy Gaps and Response Strategies","2011-12-01","http://reliefweb.int/node/462512","All"
462512,"Environmental Migration: Policy Gaps and Response Strategies","2011-12-01","http://reliefweb.int/node/462512","All"
462512,"Environmental Migration: Policy Gaps and Response Strategies","2011-12-01","http://reliefweb.int/node/462512","All"
462512,"Environmental Migration: Policy Gaps and Response Strategies","2011-12-01","http://reliefweb.int/node/462512","All"
462512,"Environmental Migration: Policy Gaps and Response Strategies","2011-12-01","http://reliefweb.int/node/462512","All"
462512,"Environmental Migration: Policy Gaps and Response Strategies","2011-12-01","http://reliefweb.int/node/462512","All"
462512,"Environmental Migration: Policy Gaps and Response Strategies","2011-12-01","http://reliefweb.int/node/462512","All"
462512,"Environmental Migration: Policy Gaps and Response Strategies","2011-12-01","http://reliefweb.int/node/462512","All"
462512,"Environmental Migration: Policy Gaps and Response Strategies","2011-12-01","http://reliefweb.int/node/462512","All"
462512,"Environmental Migration: Policy Gaps and Response Strategies","2011-12-01","http://reliefweb.int/node/462512","All"
462512,"Environmental Migration: Policy Gaps and Response Strategies","2011-12-01","http://reliefweb.int/node/462512","All"
462512,"Environmental Migration: Policy Gaps and Response Strategies","2011-12-01","http://reliefweb.int/node/462512","All"
462512,"Environmental Migration: Policy Gaps and Response Strategies","2011-12-01","http://reliefweb.int/node/462512","All"
462512,"Environmental Migration: Policy Gaps and Response Strategies","2011-12-01","http://reliefweb.int/node/462512","All"
462512,"Environmental Migration: Policy Gaps and Response Strategies","2011-12-01","http://reliefweb.int/node/462512","All"
462512,"Environmental Migration: Policy Gaps and Response Strategies","2011-12-01","http://reliefweb.int/node/462512","All"
462512,"Environmental Migration: Policy Gaps and Response Strategies","2011-12-01","http://reliefweb.int/node/462512","All"
462512,"Environmental Migration: Policy Gaps and Response Strategies","2011-12-01","http://reliefweb.int/node/462512","All"
462512,"Environmental Migration: Policy Gaps and Response Strategies","2011-12-01","http://reliefweb.int/node/462512","All"
462512,"Environmental Migration: Policy Gaps and Response Strategies","2011-12-01","http://reliefweb.int/node/462512","All"
462512,"Environmental Migration: Policy Gaps and Response Strategies","2011-12-01","http://reliefweb.int/node/462512","All"
462512,"Environmental Migration: Policy Gaps and Response Strategies","2011-12-01","http://reliefweb.int/node/462512","All"
462512,"Environmental Migration: Policy Gaps and Response Strategies","2011-12-01","http://reliefweb.int/node/462512","All"
462512,"Environmental Migration: Policy Gaps and Response Strategies","2011-12-01","http://reliefweb.int/node/462512","All"
462512,"Environmental Migration: Policy Gaps and Response Strategies","2011-12-01","http://reliefweb.int/node/462512","All"
462512,"Environmental Migration: Policy Gaps and Response Strategies","2011-12-01","http://reliefweb.int/node/462512","All"
462512,"Environmental Migration: Policy Gaps and Response Strategies","2011-12-01","http://reliefweb.int/node/462512","All"
462512,"Environmental Migration: Policy Gaps and Response Strategies","2011-12-01","http://reliefweb.int/node/462512","All"
462512,"Environmental Migration: Policy Gaps and Response Strategies","2011-12-01","http://reliefweb.int/node/462512","All"
462512,"Environmental Migration: Policy Gaps and Response Strategies","2011-12-01","http://reliefweb.int/node/462512","All"
462512,"Environmental Migration: Policy Gaps and Response Strategies","2011-12-01","http://reliefweb.int/node/462512","All"
462512,"Environmental Migration: Policy Gaps and Response Strategies","2011-12-01","http://reliefweb.int/node/462512","All"
462512,"Environmental Migration: Policy Gaps and Response Strategies","2011-12-01","http://reliefweb.int/node/462512","All"
462512,"Environmental Migration: Policy Gaps and Response Strategies","2011-12-01","http://reliefweb.int/node/462512","All"
462512,"Environmental Migration: Policy Gaps and Response Strategies","2011-12-01","http://reliefweb.int/node/462512","All"
462512,"Environmental Migration: Policy Gaps and Response Strategies","2011-12-01","http://reliefweb.int/node/462512","All"
462512,"Environmental Migration: Policy Gaps and Response Strategies","2011-12-01","http://reliefweb.int/node/462512","All"
462512,"Environmental Migration: Policy Gaps and Response Strategies","2011-12-01","http://reliefweb.int/node/462512","All"
462512,"Environmental Migration: Policy Gaps and Response Strategies","2011-12-01","http://reliefweb.int/node/462512","All"
462512,"Environmental Migration: Policy Gaps and Response Strategies","2011-12-01","http://reliefweb.int/node/462512","All"
462512,"Environmental Migration: Policy Gaps and Response Strategies","2011-12-01","http://reliefweb.int/node/462512","All"
462512,"Environmental Migration: Policy Gaps and Response Strategies","2011-12-01","http://reliefweb.int/node/462512","All"
462512,"Environmental Migration: Policy Gaps and Response Strategies","2011-12-01","http://reliefweb.int/node/462512","All"
462512,"Environmental Migration: Policy Gaps and Response Strategies","2011-12-01","http://reliefweb.int/node/462512","All"
462512,"Environmental Migration: Policy Gaps and Response Strategies","2011-12-01","http://reliefweb.int/node/462512","All"
462512,"Environmental Migration: Policy Gaps and Response Strategies","2011-12-01","http://reliefweb.int/node/462512","All"
462512,"Environmental Migration: Policy Gaps and Response Strategies","2011-12-01","http://reliefweb.int/node/462512","All"
462512,"Environmental Migration: Policy Gaps and Response Strategies","2011-12-01","http://reliefweb.int/node/462512","All"
462512,"Environmental Migration: Policy Gaps and Response Strategies","2011-12-01","http://reliefweb.int/node/462512","All"
462512,"Environmental Migration: Policy Gaps and Response Strategies","2011-12-01","http://reliefweb.int/node/462512","All"
462512,"Environmental Migration: Policy Gaps and Response Strategies","2011-12-01","http://reliefweb.int/node/462512","All"
462512,"Environmental Migration: Policy Gaps and Response Strategies","2011-12-01","http://reliefweb.int/node/462512","All"
462512,"Environmental Migration: Policy Gaps and Response Strategies","2011-12-01","http://reliefweb.int/node/462512","All"
462512,"Environmental Migration: Policy Gaps and Response Strategies","2011-12-01","http://reliefweb.int/node/462512","All"
462512,"Environmental Migration: Policy Gaps and Response Strategies","2011-12-01","http://reliefweb.int/node/462512","All"
462512,"Environmental Migration: Policy Gaps and Response Strategies","2011-12-01","http://reliefweb.int/node/462512","All"
462512,"Environmental Migration: Policy Gaps and Response Strategies","2011-12-01","http://reliefweb.int/node/462512","All"
462512,"Environmental Migration: Policy Gaps and Response Strategies","2011-12-01","http://reliefweb.int/node/462512","All"
462512,"Environmental Migration: Policy Gaps and Response Strategies","2011-12-01","http://reliefweb.int/node/462512","All"
462512,"Environmental Migration: Policy Gaps and Response Strategies","2011-12-01","http://reliefweb.int/node/462512","All"
462512,"Environmental Migration: Policy Gaps and Response Strategies","2011-12-01","http://reliefweb.int/node/462512","All"
462512,"Environmental Migration: Policy Gaps and Response Strategies","2011-12-01","http://reliefweb.int/node/462512","All"
462512,"Environmental Migration: Policy Gaps and Response Strategies","2011-12-01","http://reliefweb.int/node/462512","All"
462512,"Environmental Migration: Policy Gaps and Response Strategies","2011-12-01","http://reliefweb.int/node/462512","All"
462512,"Environmental Migration: Policy Gaps and Response Strategies","2011-12-01","http://reliefweb.int/node/462512","All"
462512,"Environmental Migration: Policy Gaps and Response Strategies","2011-12-01","http://reliefweb.int/node/462512","All"
462512,"Environmental Migration: Policy Gaps and Response Strategies","2011-12-01","http://reliefweb.int/node/462512","All"
462512,"Environmental Migration: Policy Gaps and Response Strategies","2011-12-01","http://reliefweb.int/node/462512","All"
462512,"Environmental Migration: Policy Gaps and Response Strategies","2011-12-01","http://reliefweb.int/node/462512","All"
462512,"Environmental Migration: Policy Gaps and Response Strategies","2011-12-01","http://reliefweb.int/node/462512","All"
462512,"Environmental Migration: Policy Gaps and Response Strategies","2011-12-01","http://reliefweb.int/node/462512","All"
462512,"Environmental Migration: Policy Gaps and Response Strategies","2011-12-01","http://reliefweb.int/node/462512","All"
462512,"Environmental Migration: Policy Gaps and Response Strategies","2011-12-01","http://reliefweb.int/node/462512","All"
462512,"Environmental Migration: Policy Gaps and Response Strategies","2011-12-01","http://reliefweb.int/node/462512","All"
462512,"Environmental Migration: Policy Gaps and Response Strategies","2011-12-01","http://reliefweb.int/node/462512","All"
462512,"Environmental Migration: Policy Gaps and Response Strategies","2011-12-01","http://reliefweb.int/node/462512","All"
462512,"Environmental Migration: Policy Gaps and Response Strategies","2011-12-01","http://reliefweb.int/node/462512","All"
462512,"Environmental Migration: Policy Gaps and Response Strategies","2011-12-01","http://reliefweb.int/node/462512","All"
462512,"Environmental Migration: Policy Gaps and Response Strategies","2011-12-01","http://reliefweb.int/node/462512","All"
462512,"Environmental Migration: Policy Gaps and Response Strategies","2011-12-01","http://reliefweb.int/node/462512","All"
462512,"Environmental Migration: Policy Gaps and Response Strategies","2011-12-01","http://reliefweb.int/node/462512","All"
462512,"Environmental Migration: Policy Gaps and Response Strategies","2011-12-01","http://reliefweb.int/node/462512","All"
462512,"Environmental Migration: Policy Gaps and Response Strategies","2011-12-01","http://reliefweb.int/node/462512","All"
462512,"Environmental Migration: Policy Gaps and Response Strategies","2011-12-01","http://reliefweb.int/node/462512","All"
462512,"Environmental Migration: Policy Gaps and Response Strategies","2011-12-01","http://reliefweb.int/node/462512","All"
462512,"Environmental Migration: Policy Gaps and Response Strategies","2011-12-01","http://reliefweb.int/node/462512","All"
462512,"Environmental Migration: Policy Gaps and Response Strategies","2011-12-01","http://reliefweb.int/node/462512","All"
462512,"Environmental Migration: Policy Gaps and Response Strategies","2011-12-01","http://reliefweb.int/node/462512","All"
462512,"Environmental Migration: Policy Gaps and Response Strategies","2011-12-01","http://reliefweb.int/node/462512","All"
462512,"Environmental Migration: Policy Gaps and Response Strategies","2011-12-01","http://reliefweb.int/node/462512","All"
462512,"Environmental Migration: Policy Gaps and Response Strategies","2011-12-01","http://reliefweb.int/node/462512","All"
462512,"Environmental Migration: Policy Gaps and Response Strategies","2011-12-01","http://reliefweb.int/node/462512","All"
462512,"Environmental Migration: Policy Gaps and Response Strategies","2011-12-01","http://reliefweb.int/node/462512","All"
462512,"Environmental Migration: Policy Gaps and Response Strategies","2011-12-01","http://reliefweb.int/node/462512","All"
462512,"Environmental Migration: Policy Gaps and Response Strategies","2011-12-01","http://reliefweb.int/node/462512","All"
462512,"Environmental Migration: Policy Gaps and Response Strategies","2011-12-01","http://reliefweb.int/node/462512","All"
462512,"Environmental Migration: Policy Gaps and Response Strategies","2011-12-01","http://reliefweb.int/node/462512","All"
462512,"Environmental Migration: Policy Gaps and Response Strategies","2011-12-01","http://reliefweb.int/node/462512","All"
462512,"Environmental Migration: Policy Gaps and Response Strategies","2011-12-01","http://reliefweb.int/node/462512","All"
462512,"Environmental Migration: Policy Gaps and Response Strategies","2011-12-01","http://reliefweb.int/node/462512","All"
462512,"Environmental Migration: Policy Gaps and Response Strategies","2011-12-01","http://reliefweb.int/node/462512","All"
462512,"Environmental Migration: Policy Gaps and Response Strategies","2011-12-01","http://reliefweb.int/node/462512","All"
462512,"Environmental Migration: Policy Gaps and Response Strategies","2011-12-01","http://reliefweb.int/node/462512","All"
462512,"Environmental Migration: Policy Gaps and Response Strategies","2011-12-01","http://reliefweb.int/node/462512","All"
462512,"Environmental Migration: Policy Gaps and Response Strategies","2011-12-01","http://reliefweb.int/node/462512","All"
462512,"Environmental Migration: Policy Gaps and Response Strategies","2011-12-01","http://reliefweb.int/node/462512","All"
