"id","data.list.id","title","created","url","country"
46,295947,"Kenya: Australia offers two million dollars - humanitarian assistance",2009-01-01,"http://reliefweb.int/node/295947","All"
266,292305,"OPT: International Medical Corps prepares response to crisis in Gaza",2009-01-04,"http://reliefweb.int/node/292305","All"
486,292869,"Côte d'Ivoire : Le chef de l'Assistance Electorale de l'ONUCI visite des sites d'identification à Odienné",2009-01-06,"http://reliefweb.int/node/292869","All"
706,292712,"Sri Lanka reinstitutes ban on Tamil Tigers - govt",2009-01-07,"http://reliefweb.int/node/292712","All"
926,292936,"Thailand: DDPM - 3 southern provinces still flooded",2009-01-08,"http://reliefweb.int/node/292936","All"
1146,293091,"OPT: Morocco to dispatch humanitarian aid to Palestinian people in Gaza",2009-01-09,"http://reliefweb.int/node/293091","All"
1366,293227,"Drought brings hunger to Kenya",2009-01-12,"http://reliefweb.int/node/293227","All"
1586,293124,"CWS Hotline - 12 Jan 2009 : OPT, Myanmar, Sudan",2009-01-12,"http://reliefweb.int/node/293124","All"
1806,293634,"Paraguay: Alerta Dengue - Confirman un nuevo caso de dengue en Pedro Juan Caballero",2009-01-14,"http://reliefweb.int/node/293634","All"
2026,293709,"OPT: Israel intercepts aid boat, turn back to Cyprus ",2009-01-15,"http://reliefweb.int/node/293709","All"
2246,294480,"Fundación Western Union dona US$ 50,000 para esfuerzos de asistencia tras terremoto en Alajuela, Costa Rica",2009-01-16,"http://reliefweb.int/node/294480","All"
2466,294159,"OPT: Logistics Cluster Gaza crisis consolidated situation report, 17 Jan 2009",2009-01-17,"http://reliefweb.int/node/294159","All"
2686,294285,"Viet Nam: Flood-hit locals supported",2009-01-19,"http://reliefweb.int/node/294285","All"
2906,294720,"Les élections présidentielles en Côte d'Ivoire n'auront lieu que lorsque les processus d'identification et de désarmement seront achevés, déclare le chef de l'ONUCI au Conseil",2009-01-21,"http://reliefweb.int/node/294720","All"
3126,294742,"Sierra Leone: Emergency wheelbarrows replace missing doctors",2009-01-22,"http://reliefweb.int/node/294742","All"
3346,294948,"OPT/Egypt: Gaza Humanitarian Crisis DREF Operation No. MDREG008 Update No. 1",2009-01-23,"http://reliefweb.int/node/294948","All"
3566,295087,"OPT: Gaza returning to 'normality' in the face of destruction and anxiety",2009-01-26,"http://reliefweb.int/node/295087","All"
3786,12051,"World: Areas with confirmed human cases of H5N1 avian influenza since 2003 (as of 27 Jan 2009)",2009-01-27,"http://reliefweb.int/node/12051","All"
4006,295553,"OPT: Field Update on Gaza from the Humanitarian Coordinator 27 - 29 Jan 2009 as of 17:00",2009-01-29,"http://reliefweb.int/node/295553","All"
4226,295811,"Rwandan refugee qualifies as a doctor thanks to DAFI programme",2009-01-30,"http://reliefweb.int/node/295811","All"
4446,295962,"Ecuador: Informe de situación No. 01 - Inundaciones Provincia del Guayas, informe Salitre",2009-01-31,"http://reliefweb.int/node/295962","All"
4666,296017,"Somalia: Hope for displaced if new president can boost security",2009-02-02,"http://reliefweb.int/node/296017","All"
4886,296091,"Sri Lanka: Independence depends on the recovery of the authority of public institutions",2009-02-03,"http://reliefweb.int/node/296091","All"
5106,296520,"Declaration by the Presidency on behalf of the European Union on Russian plans to build up its military presence in Abkhazia and South Ossetia",2009-02-05,"http://reliefweb.int/node/296520","All"
5326,296566,"Somalia: Uganda rejects massacre charge against peacekeepers",2009-02-06,"http://reliefweb.int/node/296566","All"
5546,296793,"OPT: Israel opens crossings into Gaza",2009-02-08,"http://reliefweb.int/node/296793","All"
5766,297097,"UN humanitarian chief urges greater attention to protection of civilians in DRC",2009-02-10,"http://reliefweb.int/node/297097","All"
5986,297266,"WFP hunger hotspots: Zimbabwe - 11 Feb 2009",2009-02-11,"http://reliefweb.int/node/297266","All"
6206,297475,"OPT: Egypt seizes Gaza aid, arrests Islamists",2009-02-12,"http://reliefweb.int/node/297475","All"
6426,297623,"Madagascar again engulfed by political violence",2009-02-13,"http://reliefweb.int/node/297623","All"
6646,298040,"Emergencia y desastres en Bolivia: Reporte de situación no. 08/09",2009-02-16,"http://reliefweb.int/node/298040","All"
6866,298783,"Zimbabwe WASH Cluster Cholera Emergency Sitrep - 17 Feb 2009",2009-02-17,"http://reliefweb.int/node/298783","All"
7086,298348,"EurAc craint que l'Opération Conjointe n'apporte pas de solution durable aux conflits à l'est du Congo",2009-02-19,"http://reliefweb.int/node/298348","All"
7306,298524,"Sri Lanka: Tamil Nadu - Tensions grow among Tamil",2009-02-20,"http://reliefweb.int/node/298524","All"
7526,298627,"Sudan: Two members of Aide Médicale Internationale killed in coach attack",2009-02-23,"http://reliefweb.int/node/298627","All"
7746,298908,"Sudan: Gaddafi says Israel, not Bashir, behind Darfur war",2009-02-24,"http://reliefweb.int/node/298908","All"
7966,12320,"Newly Erected IDP Shelters within Civilian Safety Zone (CSZ) - Mulattivu District, Sri Lanka (26 Feb 2009)",2009-02-26,"http://reliefweb.int/node/12320","All"
8186,299386,"Egypt expands its participation at the UN peacekeeping operations in Africa",2009-02-27,"http://reliefweb.int/node/299386","All"
8406,299465,"Relations between Rwanda and DR Congo focus of Ban's talks in Kigali",2009-03-01,"http://reliefweb.int/node/299465","All"
8626,299405,"DR Congo:  Aid worker's blog - Clarisse's story",2009-03-02,"http://reliefweb.int/node/299405","All"
8846,418801,"Ethiopia: Floods Emergency Appeal No MDRET003 Final Report",2009-03-04,"http://reliefweb.int/node/418801","All"
9066,300077,"Zimbabwe: Daily cholera update and alerts, 05 Mar 2009",2009-03-05,"http://reliefweb.int/node/300077","All"
9286,300108,"UN Expert on extrajudicial executions calls upon Kenyan Government to establish an independent investigation into the assassination of two prominent Kenyan human rights defenders",2009-03-06,"http://reliefweb.int/node/300108","All"
9506,300434,"Xenophobia: Let it not happen again",2009-03-09,"http://reliefweb.int/node/300434","All"
9726,300541,"Afghanistan: A woman should not stop thinking about supporting other women",2009-03-10,"http://reliefweb.int/node/300541","All"
9946,300656,"UN SG appoints Major General Elhadji Mouhamedou Kandji of Senegal Force Commander of UN Mission in Central African Republic and Chad",2009-03-11,"http://reliefweb.int/node/300656","All"
10166,301067,"OPT: Karen Koning AbuZayd '63 - Interview by Commissioner-General's Alma Mater",2009-03-13,"http://reliefweb.int/node/301067","All"
10386,301633,"Dr. S.M. Amin Fatimie Minister of Public Health participates meeting of Health Quality Assurance progress in 13 provinces of Afghanistan",2009-03-16,"http://reliefweb.int/node/301633","All"
10606,301432,"Red Cross hostages' tents found after Philippines clash",2009-03-17,"http://reliefweb.int/node/301432","All"
10826,301485,"Kenya: Late rains to worsen food security",2009-03-18,"http://reliefweb.int/node/301485","All"
11046,301812,"Iraqi refugees leave Jordan, Syria in first resettlement to Germany",2009-03-20,"http://reliefweb.int/node/301812","All"
11266,302128,"Sudan: U.S. says envoys found Darfur conditions worsening",2009-03-23,"http://reliefweb.int/node/302128","All"
11486,302327,"RD Congo : Général Gaye - «Nous n'avons pas mandat ni mission de nous substituer aux FARDC»",2009-03-25,"http://reliefweb.int/node/302327","All"
11706,302820,"Waters rise in Namibia: Other countries threatened",2009-03-26,"http://reliefweb.int/node/302820","All"
11926,302652,"Smart development in practice: Field report from Afghanistan",2009-03-27,"http://reliefweb.int/node/302652","All"
12146,302789,"OPT: UAE to send 13 ambulances to Gaza",2009-03-30,"http://reliefweb.int/node/302789","All"
12366,302906,"Kenya: Amo's story",2009-03-31,"http://reliefweb.int/node/302906","All"
12586,12543,"Sri Lanka: Jaffna District - Welfare Centre Locations as at 31 March 2009",2009-03-31,"http://reliefweb.int/node/12543","All"
12806,12581,"Zimbabwe: Cholera Situation - Cumulative Cases and Deaths from 1 - 31 March 2009 (as of 31 Mar 2009)",2009-04-01,"http://reliefweb.int/node/12581","All"
13026,303341,"Iraq: NCCI's Weekly Highlight - 02 Apr 2009",2009-04-02,"http://reliefweb.int/node/303341","All"
13246,303416,"OPT: Hamas to begin removing Gaza war rubble next week",2009-04-04,"http://reliefweb.int/node/303416","All"
13466,303619,"Commission allocates €2 million for the Disaster Relief Emergency Fund of the International Red Cross/Crescent Federation",2009-04-06,"http://reliefweb.int/node/303619","All"
13686,303978,"Arab League Chief discusses with Russian envoy Sudan''s ICC case, Darfur",2009-04-07,"http://reliefweb.int/node/303978","All"
13906,304070,"Viet Nam: City storm control committee prepares evacuation plan",2009-04-09,"http://reliefweb.int/node/304070","All"
14126,304304,"Afghan container deaths reflect wider human-trafficking problem",2009-04-11,"http://reliefweb.int/node/304304","All"
14346,304505,"Chinese Red Cross' trip of gratitude to U.S",2009-04-14,"http://reliefweb.int/node/304505","All"
14566,19275,"Kenya: Drought Response (Jun - Oct 2009)",2009-04-15,"http://reliefweb.int/node/19275","All"
14786,304899,"Sudan: Humanitarian Action in Darfur, weekly bulletin No. 15, 16 Apr 2009",2009-04-16,"http://reliefweb.int/node/304899","All"
15006,304925,"Romania: First group of Palestinian refugees arrives in emergency transit centre",2009-04-17,"http://reliefweb.int/node/304925","All"
15226,305204,"Over 170 killed in Southern Sudan ethnic clashes",2009-04-20,"http://reliefweb.int/node/305204","All"
15446,305566,"Food security in the Middle East & North Africa",2009-04-21,"http://reliefweb.int/node/305566","All"
15666,305476,"Iraq: UNAMI submits its reports on the disputed internal boundaries",2009-04-22,"http://reliefweb.int/node/305476","All"
15886,12745,"Sri Lanka: Mullaitivu District - Hospitals and Health Centre Locations (as of 23 Apr 2009)",2009-04-23,"http://reliefweb.int/node/12745","All"
16106,305865,"Civilian casualties continue to mount in Sri Lanka",2009-04-24,"http://reliefweb.int/node/305865","All"
16326,306265,"British Red Cross team heads for Namibia as more floods are forecast",2009-04-27,"http://reliefweb.int/node/306265","All"
16546,306413,"Passports and identity cards for livestock in Eastern Africa",2009-04-28,"http://reliefweb.int/node/306413","All"
16766,306537,"La Commission adopte la deuxième décision mettant en oeuvre la «facilité alimentaire» d'1 milliard € adoptée par l'UE en faveur des pays en développement",2009-04-29,"http://reliefweb.int/node/306537","All"
16986,308483,"India: April heat wave kills 67 in Orissa, Nagpur hottest at 47°C",2009-04-30,"http://reliefweb.int/node/308483","All"
17206,314020,"Kenya: Mandera district drought monthly bulletin, Apr 2009",2009-04-30,"http://reliefweb.int/node/314020","All"
17426,24532,"Health Action in Crises: Primary Health Care in Crisis - Annual Report 2008",2009-05-01,"http://reliefweb.int/node/24532","All"
17646,307409,"Voter registration in the Democratic Republic of Congo",2009-05-04,"http://reliefweb.int/node/307409","All"
17866,308045,"La mayor red humanitaria del mundo lanza una ambiciosa campaña",2009-05-05,"http://reliefweb.int/node/308045","All"
18086,307679,"México: Continúa el barrido en San Cristóbal para detectar casos de influenza AH1N1",2009-05-06,"http://reliefweb.int/node/307679","All"
18306,315538,"Nepal - Interim strategy note for the period FY2010-2011",2009-05-07,"http://reliefweb.int/node/315538","All"
18526,308069,"Pakistan: Clashes, curfews and displacement across Malakand ",2009-05-08,"http://reliefweb.int/node/308069","All"
18746,308143,"Guinea forces fire on rioters in capital",2009-05-09,"http://reliefweb.int/node/308143","All"
18966,308322,"République du Congo : La date de l'élection présidentielle a été fixée au 12 juillet",2009-05-11,"http://reliefweb.int/node/308322","All"
19186,308500,"Afghanistan: Construction of new health clinic",2009-05-12,"http://reliefweb.int/node/308500","All"
19406,308657,"Dozens said killed in Sri Lanka bombardment",2009-05-13,"http://reliefweb.int/node/308657","All"
19626,309186,"Spotlight: Street kids in the DRC ",2009-05-14,"http://reliefweb.int/node/309186","All"
19846,12985,"Tajikistan: Mudflow Khuroson (as of 15 May 2009)",2009-05-15,"http://reliefweb.int/node/12985","All"
20066,309280,"Ban exhorts nations to ramp up investment in disaster risk reduction",2009-05-17,"http://reliefweb.int/node/309280","All"
20286,309859,"Zimbabwe: IRIN blog - Lack of midwives increases maternal deaths",2009-05-19,"http://reliefweb.int/node/309859","All"
20506,310161,"RD Congo : Action humanitaire au Nord Kivu - Rapport hebdomadaire du 14 au 20 mai 2009",2009-05-20,"http://reliefweb.int/node/310161","All"
20726,309939,"EU: Use Russia summit to build reform momentum",2009-05-21,"http://reliefweb.int/node/309939","All"
20946,310175,"RD Congo : Lutte contre VIH/SIDA - les partenaires s'engagent à appuyer le Programme national d'actions de CENCO ",2009-05-22,"http://reliefweb.int/node/310175","All"
21166,310443,"Philippines: Mindanao displaced face long-term upheaval",2009-05-25,"http://reliefweb.int/node/310443","All"
21386,310589,"IDPs: Case studies of Nigeria´s bomb blast and the Yoruba-Hausa ethnic conflict in Lagos, Nigeria",2009-05-26,"http://reliefweb.int/node/310589","All"
21606,13119,"Sri Lanka: Northern Area - Vanni IDP Camps and Hospitals Information - As of 26 May, 2009",2009-05-27,"http://reliefweb.int/node/13119","All"
21826,310982,"Mozambique: Climate change adaptation can't wait",2009-05-28,"http://reliefweb.int/node/310982","All"
22046,311714,"Pakistan: Weekly Morbidity and Mortality Report - Earthquake affected districts, Balochistan, Districts Pishin, Ziarat and Hernai, week 22, 23 - 29 May 2009",2009-05-29,"http://reliefweb.int/node/311714","All"
22266,317484,"Analysis: Aid Budget 2009/10",2009-05-31,"http://reliefweb.int/node/317484","All"
22486,312390,"Afghanistan: Dr. Sayed Mohammad Amin Fatimie inaugurated Telemedicine in the Provincial Hospital of Bamyan",2009-05-31,"http://reliefweb.int/node/312390","All"
22706,13171,"Honduras: Carreteras Dañados, Sismo del 28 de Mayo de 2009",2009-06-01,"http://reliefweb.int/node/13171","All"
22926,311830,"Discussions between impartial and Ivorian forces on the deployment of the police and military",2009-06-02,"http://reliefweb.int/node/311830","All"
23146,312007,"UNIFEM receives funds from UN spouses committee to protect women and girls in Afghanistan",2009-06-03,"http://reliefweb.int/node/312007","All"
23366,13172,"The MFEWS Central America Weather Hazards and Benefits Assessments For June 4 - 10, 2009",2009-06-04,"http://reliefweb.int/node/13172","All"
23586,312228,"RD Congo : exactions dans le Sud-Kivu, le cri d'alarme de l'OCHA",2009-06-05,"http://reliefweb.int/node/312228","All"
23806,312426,"Secretary-General congratulates people of Lebanon on peaceful conduct of parliamentary elections",2009-06-08,"http://reliefweb.int/node/312426","All"
24026,312456,"Tzu Chi winter emergent food supply in South Africa",2009-06-09,"http://reliefweb.int/node/312456","All"
24246,13439,"Myanmar: Cyclone Nargis - Who/What/Where Health (as of 10 Jun 2009)",2009-06-10,"http://reliefweb.int/node/13439","All"
24466,313419,"Argentina: Ocaña anunció el fin del brote epidémico de dengue en Chaco",2009-06-11,"http://reliefweb.int/node/313419","All"
24686,313096,"Sudan: Some rebels disarm, but no sign of olive branches - analysis",2009-06-12,"http://reliefweb.int/node/313096","All"
24906,321424,"Submission from the Internal Displacement Monitoring Centre to the Committee on the Elimination of Racial Discrimination in anticipation of consideration of the twentieth periodic report of the Philippines",2009-06-15,"http://reliefweb.int/node/321424","All"
25126,313695,"UN refugee chief cites pressing needs as those uprooted tops 42 million",2009-06-16,"http://reliefweb.int/node/313695","All"
25346,313962,"Working through the UN to tackle maternal mortality in Rwanda",2009-06-18,"http://reliefweb.int/node/313962","All"
25566,314158,"Panamá: Epidemia de Influenza A (H1N1) - Boletín informativo, 18 de junio de 2009",2009-06-18,"http://reliefweb.int/node/314158","All"
25786,317921,"United States provides water trucks to Pakistan military ",2009-06-20,"http://reliefweb.int/node/317921","All"
26006,594713,"Refugee testimonies",2009-06-22,"http://reliefweb.int/node/594713","All"
26226,314871,"Actualización: Nuevo virus Influenza A (H1N1) - Informe regional, 24 de junio de 2009",2009-06-24,"http://reliefweb.int/node/314871","All"
26446,314789,"Madagascar crisis drags on with no breakthrough in sight",2009-06-25,"http://reliefweb.int/node/314789","All"
26666,315501,"Zimbabwe: Daily cholera update and alerts, 26 Jun 2009",2009-06-26,"http://reliefweb.int/node/315501","All"
26886,315118,"China: Sichuan Earthquake Emergency appeal No. MDRCN003 Operations Update No. 23",2009-06-29,"http://reliefweb.int/node/315118","All"
27106,325930,"Niger : Suivi conjoint de la situation alimentaire et nutritionnelle dans les sites sentinelles vulnérables no. 5",2009-06-30,"http://reliefweb.int/node/325930","All"
27134,321348,"USAID/OTI Lebanon success story: Sewing seeds of opportuinty in Beqaa - Jun 2009",2009-06-30,"http://reliefweb.int/node/321348","All"
27326,24509,"Global Humanitarian Assistance 2009",2009-07-01,"http://reliefweb.int/node/24509","All"
27354,315772,"Commission decision of on the financing of humanitarian actions from the general budget of the European Communities in the Philippines (ECHO/PHL/BUD/2009/01000)",2009-07-01,"http://reliefweb.int/node/315772","All"
27574,316414,"Africa: U.S. wants to spotlight 'successful models' and be an 'effective parter' - Obama",2009-07-02,"http://reliefweb.int/node/316414","All"
27794,315919,"Irish team in Sudan to help free kidnapped aid staff",2009-07-05,"http://reliefweb.int/node/315919","All"
28014,320239,"Peace, reconciliation, and displacement",2009-07-07,"http://reliefweb.int/node/320239","All"
28234,316256,"Violence against Afghan women, including rape, widespread and unpunished, says United Nations",2009-07-08,"http://reliefweb.int/node/316256","All"
28454,316557,"Haïti/Éducation : Vers la reconstruction d'une vingtaine d'écoles endommagées par les ouragans de 2008",2009-07-09,"http://reliefweb.int/node/316557","All"
28674,316864,"Aboul Gheit and Hoshiar Zibari sign an understanding memorandum on Egyptian-Iraqi bilateral cooperation and strategic dialogue ",2009-07-11,"http://reliefweb.int/node/316864","All"
28894,317131,"Inquiry urged after Sudan women flogged for trousers",2009-07-14,"http://reliefweb.int/node/317131","All"
29114,317064,"Centrafrican rebel groups join disarmament process",2009-07-15,"http://reliefweb.int/node/317064","All"
29334,317578,"Iraqi crisis report: High stakes in Kurdish poll",2009-07-17,"http://reliefweb.int/node/317578","All"
29554,317284,"RD Congo/Nord-Katanga : Manono sera bientôt doté d'un nouvel hôpital",2009-07-17,"http://reliefweb.int/node/317284","All"
29774,317606,"Ban Ki-moon est gravement préocuppé par la recrudescence de la violence dans l'ouest-Darfour et le long de la frontière entre le Tchad et le Soudan",2009-07-20,"http://reliefweb.int/node/317606","All"
29994,318266,"Pakistan's displaced fearful of going home",2009-07-22,"http://reliefweb.int/node/318266","All"
30214,318086,"Why should mediators consider the economic dimensions of conflicts?",2009-07-23,"http://reliefweb.int/node/318086","All"
30434,318261,"Afghanistan: Improved medical care facilities for Tarin Kowt Hospital",2009-07-25,"http://reliefweb.int/node/318261","All"
30654,318547,"DRCongo cuts Radio France signal",2009-07-27,"http://reliefweb.int/node/318547","All"
30874,318626,"Torrential rains leave 66 dead, 66 missing in south China",2009-07-29,"http://reliefweb.int/node/318626","All"
31094,318731,"Indonesia: Toilets and tap stands change lives in Nias",2009-07-30,"http://reliefweb.int/node/318731","All"
31314,330995,"Perspectives de récoltes et situation alimentaire, juillet 2009",2009-07-31,"http://reliefweb.int/node/330995","All"
31534,319809,"India: Southwest monsoon-2009 - Daily flood situation report 02 Aug 2009",2009-08-02,"http://reliefweb.int/node/319809","All"
31754,319267,"Emergency in Pakistan: TSF resuming operations",2009-08-04,"http://reliefweb.int/node/319267","All"
31974,319567,"Human Rights Council Advisory Committee adopts its rules of procedure and closes debate on the right to food",2009-08-06,"http://reliefweb.int/node/319567","All"
32194,319623,"RD Congo : Des milliers de déplacés en attente d'assistance au Sud-Kivu",2009-08-07,"http://reliefweb.int/node/319623","All"
32414,319961,"OPT: Voting extended in crucial Fatah elections",2009-08-10,"http://reliefweb.int/node/319961","All"
32634,13888,"Eastern Africa: Sorghum Difference Yield (as of 11 Aug 2009)",2009-08-11,"http://reliefweb.int/node/13888","All"
32854,320328,"Taiwan deploys extra troops as anger over rescue grows ",2009-08-13,"http://reliefweb.int/node/320328","All"
33074,320590,"Taiwan seeks foreign aid after typhoon catastrophe",2009-08-15,"http://reliefweb.int/node/320590","All"
33294,13946,"Uganda: Pader District - Hepatitis E Cases by Sub-County (Week 32: as of 03 - 09 August 2009)",2009-08-17,"http://reliefweb.int/node/13946","All"
33514,320993,"Angola : Plus de cent mille Congolais expulsés",2009-08-19,"http://reliefweb.int/node/320993","All"
33734,321230,"India to spend 657 million dollars to speed up polio eradication",2009-08-20,"http://reliefweb.int/node/321230","All"
33954,321438,"Afghan elections take place in a reasonably well-organised manner, amid widespread violence and intimidation",2009-08-22,"http://reliefweb.int/node/321438","All"
34174,321486,"Sri Lanka: Another 1,898 persons re-settled in Mannar",2009-08-24,"http://reliefweb.int/node/321486","All"
34394,322166,"DR Congo: My day in the air drop zone",2009-08-26,"http://reliefweb.int/node/322166","All"
34614,321956,"Rwanda: Centre pioneers specialized paediatric HIV care",2009-08-27,"http://reliefweb.int/node/321956","All"
34834,322286,"India faces 'severe' drought: PM ",2009-08-29,"http://reliefweb.int/node/322286","All"
35054,322385,"Factbox - Security developments in Afghanistan, 31 Aug 2009",2009-08-31,"http://reliefweb.int/node/322385","All"
35274,322526,"Bangladesh: Earthquake & landslide - Sit.report no. 109",2009-09-01,"http://reliefweb.int/node/322526","All"
35494,322610,"Eastern Afghanistan gears up for peace",2009-09-01,"http://reliefweb.int/node/322610","All"
35714,324460,"Georgia: EUMM calls on all sides to use IPRM to discuss recent maritime incidents in the Black Sea",2009-09-02,"http://reliefweb.int/node/324460","All"
35934,322859,"ACT Alert Indonesia No. 21/2009: Earthquake strikes West Java, Indonesia",2009-09-03,"http://reliefweb.int/node/322859","All"
36154,323736,"Government of Japan provides $2.95 million to health programmes to fight infectious diseases in DR Congo",2009-09-04,"http://reliefweb.int/node/323736","All"
36374,323417,"UNHCR campaign offers new perspective on rights of Colombia's displaced",2009-09-07,"http://reliefweb.int/node/323417","All"
36594,323410,"SOS Children's Villages goes the extra mile for children affected by Indonesia earthquake",2009-09-08,"http://reliefweb.int/node/323410","All"
36814,323717,"Intervention d'urgence suite aux inondations au Burkina Faso",2009-09-09,"http://reliefweb.int/node/323717","All"
37034,323937,"Truck bomb in north Iraq Kurd village kills 20",2009-09-10,"http://reliefweb.int/node/323937","All"
37254,324199,"Algeria: Morocco needs UNHCR to overcome status quo in Tindouf, FM",2009-09-12,"http://reliefweb.int/node/324199","All"
37474,325063,"Pandemic (H1N1) 2009 in the African region: Update 42",2009-09-14,"http://reliefweb.int/node/325063","All"
37694,324502,"Más de 400.000 afectados por las inundaciones en África central y del oeste",2009-09-15,"http://reliefweb.int/node/324502","All"
37914,324799,"Yemen: Scores dead or missing at start of smuggling season",2009-09-17,"http://reliefweb.int/node/324799","All"
38134,325360,"Afghanistan: ICRC hospital treats bomb victims during election period",2009-09-18,"http://reliefweb.int/node/325360","All"
38354,14237,"Somalia: Population Movement Tracking Monthly Report - August 2009",2009-09-22,"http://reliefweb.int/node/14237","All"
38574,14252,"Yemen Administrative Map - Sa'ada area situation (as of 22 Sep 2009)",2009-09-23,"http://reliefweb.int/node/14252","All"
38794,325577,"India: Southwest monsoon-2009 - Daily flood situation report 24 Sep 2009",2009-09-24,"http://reliefweb.int/node/325577","All"
39014,325723,"Philippines: NDCC Update - Situation Report No. 6 on the effects of Tropical Storm ""Ondoy"" ",2009-09-27,"http://reliefweb.int/node/325723","All"
39234,325825,"USA: Red Cross helping southeast residents cope with flooding nightmare",2009-09-28,"http://reliefweb.int/node/325825","All"
39454,14270,"Philippines - Tropical Storm Ketsana (Ondoy) - Affected population as of National Disaster Coordinating Council SitRep No.13 (Sep 29th, 2009)",2009-09-29,"http://reliefweb.int/node/14270","All"
39674,326353,"RD Congo/Sud Kivu : 10 zones atteintes de choléra avec 7.079 cas dont 82 décès",2009-09-30,"http://reliefweb.int/node/326353","All"
39894,326951,"USAID DCHA East and Central Africa Region Situation Report #2 (FY 2009)",2009-09-30,"http://reliefweb.int/node/326951","All"
40114,326651,"Rwanda : En Bref - Le nombre de cas de choléra atteint 50",2009-10-01,"http://reliefweb.int/node/326651","All"
40334,327083,"India meteorological dept special moon report 1 Oct 2009",2009-10-01,"http://reliefweb.int/node/327083","All"
40554,326866,"Canada offers to take in Philippine victims of Ketsana",2009-10-01,"http://reliefweb.int/node/326866","All"
40774,326983,"Preparación legal para los desastres",2009-10-02,"http://reliefweb.int/node/326983","All"
40994,327126,"Ethiopia gears up for malaria outbreak ",2009-10-03,"http://reliefweb.int/node/327126","All"
41214,327387,"Red Cross helping in Samoa and in New Zealand",2009-10-05,"http://reliefweb.int/node/327387","All"
41434,327448,"Schools reopen after Philippine floods, but homeless remain",2009-10-05,"http://reliefweb.int/node/327448","All"
41654,327829,"Indonesia: Remote villages receive aid",2009-10-06,"http://reliefweb.int/node/327829","All"
41874,328029,"UN rights body probes Guinea massacre",2009-10-07,"http://reliefweb.int/node/328029","All"
42094,328067,"Afghanistan: Secretary-General strongly condemns lethal Kabul attack, consoles bereaved",2009-10-08,"http://reliefweb.int/node/328067","All"
42314,328327,"Indonesia: MRC humanitarian aid",2009-10-09,"http://reliefweb.int/node/328327","All"
42534,328229,"Pandemic (H1N1) 2009 - update 69",2009-10-09,"http://reliefweb.int/node/328229","All"
42754,329180,"Commission decision of on the financing of emergency humanitarian Actions in Papua New Guinea from the 10th European Development Fund (ECHO/PNG/EDF/2009/01000)",2009-10-12,"http://reliefweb.int/node/329180","All"
42974,329172,"OPT: Protection of civilians weekly report, 7 - 13 Oct 2009",2009-10-13,"http://reliefweb.int/node/329172","All"
43194,328988,"Situation humanitaire en République Démocratique du Congo (RDC) : Briefing hebdomadaire à la presse, 14 octobre 2009",2009-10-14,"http://reliefweb.int/node/328988","All"
43414,330029,"Déclaration à la presse du professeur Philip Alston, rapporteur special des Nations unies sur les executions extra judiciaires : Mission en RD Congo du 5 au 15 octobre 2009",2009-10-15,"http://reliefweb.int/node/330029","All"
43634,329331,"Humanitarian Action in the Democratic Republic of the Congo, weekly report, 16 October 2009",2009-10-16,"http://reliefweb.int/node/329331","All"
43854,329498,"Factbox - The battle in Pakistan's South Waziristan",2009-10-18,"http://reliefweb.int/node/329498","All"
44074,329737,"Central African Republic: ICRC Bulletin No. 01 / 2009 - Thousands affected by violence in Haut-Mbomou",2009-10-20,"http://reliefweb.int/node/329737","All"
44294,330068,"Philippines: NDCC update - Severe weather bulletin no. 14 for Typhoon ""Ramil"" (Lupit) and preparedness measures, 21 Oct 2009",2009-10-21,"http://reliefweb.int/node/330068","All"
44514,330288,"Press conference by Special Rapporteur on human rights in Myanmar",2009-10-22,"http://reliefweb.int/node/330288","All"
44734,330550,"Aid workers see dangers increase in spreading conflicts ",2009-10-23,"http://reliefweb.int/node/330550","All"
44954,330835,"MSF urges Liberia rape victims to seek hospital help",2009-10-26,"http://reliefweb.int/node/330835","All"
45174,330942,"OPT: Educating for tolerant thinking within a conflict zone",2009-10-27,"http://reliefweb.int/node/330942","All"
45394,331507,"Sudan: On the fourth meeting of the strengthened High Level Committee",2009-10-28,"http://reliefweb.int/node/331507","All"
45614,331132,"Guinée : La crise politique est ressentie jusque dans les marchés et affecte les pauvres",2009-10-29,"http://reliefweb.int/node/331132","All"
45834,333480,"Iraq: IAU Newsletter, Oct 2009",2009-10-31,"http://reliefweb.int/node/333480","All"
46054,332480,"Colombia: OCHA Informe semanal de situación humanitaria No 43, 26 de octubre - 1 de noviembre de 2009",2009-11-01,"http://reliefweb.int/node/332480","All"
46274,331575,"Greece shuts down migrant detention centre on island",2009-11-02,"http://reliefweb.int/node/331575","All"
46494,331939,"Le Comité des droits économiques, sociaux et culturels examine le rapport de la République démocratique du Congo",2009-11-04,"http://reliefweb.int/node/331939","All"
46714,332062,"RD Congo/Equateur : 16.000 habitants de Dongo fuient la tension et se retrouvent au Congo Brazzaville",2009-11-05,"http://reliefweb.int/node/332062","All"
46934,332287,"Somalia: SRSG's 19th letter to the diaspora",2009-11-06,"http://reliefweb.int/node/332287","All"
47154,332602,"Uplifting rural Pakistan",2009-11-09,"http://reliefweb.int/node/332602","All"
47374,332865,"New strategy to counter the threat of terrorism: Japan's new assistance package to Afghanistan and Pakistan",2009-11-10,"http://reliefweb.int/node/332865","All"
47594,332679,"Colombia: Otra vez desplazamiento masivo de afrodescendientes en Nariño",2009-11-10,"http://reliefweb.int/node/332679","All"
47814,332990,"Economic crisis takes centre stage at African Economic Conference",2009-11-11,"http://reliefweb.int/node/332990","All"
48034,333322,"Azerbaijan wrestles with nationality poser",2009-11-13,"http://reliefweb.int/node/333322","All"
48254,333393,"OPT: In brief - Israel transfers calves to Gaza as a 'humanitarian gesture'",2009-11-15,"http://reliefweb.int/node/333393","All"
48474,333689,"Statement by WFP Executive Director Josette Sheeran at the World Food Summit, 16 Nov 2009",2009-11-16,"http://reliefweb.int/node/333689","All"
48694,333861,"Security Council urges Malagasy leaders to hold elections, form Government",2009-11-17,"http://reliefweb.int/node/333861","All"
48914,334104,"Philippines: Typhoon Season 2009 Situation Report No. 18",2009-11-19,"http://reliefweb.int/node/334104","All"
49134,335028,"Bosnia and Herzegovina: Floods DREF Operation No. MDRBA004 Final Report",2009-11-20,"http://reliefweb.int/node/335028","All"
49354,334463,"Haïti-Sécurité alimentaire : Nette amélioration en octobre 2009",2009-11-23,"http://reliefweb.int/node/334463","All"
49574,334446,"Sri Lanka: Agencies raise concerns over IDP care once resettled",2009-11-23,"http://reliefweb.int/node/334446","All"
49794,334874,"Tamil Nadu, India: Anxious wait for emergency assistance after flood",2009-11-25,"http://reliefweb.int/node/334874","All"
50014,335010,"WHO donates 9 million flu shots to Philippines",2009-11-26,"http://reliefweb.int/node/335010","All"
50234,335234,"Philippines: Typhoons Emergency Appeal No. MDRPH005 Operations Update No. 8",2009-11-30,"http://reliefweb.int/node/335234","All"
50454,339472,"Kenya: Mandera district drought monthly bulletin, Nov 2009",2009-11-30,"http://reliefweb.int/node/339472","All"
50674,335623,"REDLAC Weekly Note on Emergencies: Latin America & The Caribbean - Year 2, Issue 134",2009-12-01,"http://reliefweb.int/node/335623","All"
50894,335987,"Commission decision of on the financing of humanitarian Actions in India and Sri Lanka from the general budget of the European Union (ECHO/LKA/BUD/2009/03000)",2009-12-02,"http://reliefweb.int/node/335987","All"
51114,336224,"Sudan: UNAMID builds roads in El Fasher",2009-12-04,"http://reliefweb.int/node/336224","All"
51334,336198,"Salvadoran survivors of Hurricane Ida supported by DIAGEO",2009-12-07,"http://reliefweb.int/node/336198","All"
51554,336381,"Sri Lanka: Recharting U.S. strategy after the war",2009-12-07,"http://reliefweb.int/node/336381","All"
51774,336315,"Lahore market bombing toll rises to 49: Pakistan police",2009-12-08,"http://reliefweb.int/node/336315","All"
51994,336596,"Afghanistan: A new road between Sar-i-Pul and Sosma Qala",2009-12-10,"http://reliefweb.int/node/336596","All"
52214,336745,"Laos: Getting better prepared for disasters",2009-12-11,"http://reliefweb.int/node/336745","All"
52434,337040,"Why Kenyan refugees in Uganda are not ready to return home",2009-12-14,"http://reliefweb.int/node/337040","All"
52654,337233,"Commission approves € 230 million to cushion the impact of the economic crisis in 13 African and Caribbean countries",2009-12-15,"http://reliefweb.int/node/337233","All"
52874,337244,"Inspiring 'green work' - How Sierra Leone teenagers are tackling deforestation and climate change",2009-12-16,"http://reliefweb.int/node/337244","All"
53094,337684,"Iraq: Civilian team leaders praise advise, assist brigade",2009-12-18,"http://reliefweb.int/node/337684","All"
53314,338663,"World Bank Statement on Jammu & Kashmir Participatory Watershed Management Project ",2009-12-21,"http://reliefweb.int/node/338663","All"
53534,338041,"La Belgique prête à aider le Malawi",2009-12-21,"http://reliefweb.int/node/338041","All"
53754,338443,"Voice of JICA President - JICA to Seize the Initiative on Development Issues in 2010",2009-12-22,"http://reliefweb.int/node/338443","All"
53974,338435,"Abul-Naga: Egypt Attaches Great Importance to Refugee Issues",2009-12-24,"http://reliefweb.int/node/338435","All"
54194,338567,"China: Appeal No. MAACN001 Programme Update No. 2",2009-12-28,"http://reliefweb.int/node/338567","All"
54414,338857,"UNICEF-supported drop in centres relieve life of poverty for Afghan children",2009-12-30,"http://reliefweb.int/node/338857","All"
